# linear_congruential_engine<uint32_t, 48271, 0, 2147483647> eng uniform_int_distribution
BC8E57E1
1F45517C
F8F0C122
BA50F058
E8C26A7E
4D22DB6E
80AAE14C
FEA8CC02
8A28EE31
818EEBCE
72E3D560
BD837656
79B88453
50398773
7B92A61A
D48412D3
829A02BD
7137A8D6
C903BB2C
00C210A0
979547B5
082A9510
5FCFA206
37A2D58F
2F9C0EDB
700840DB
ED144F02
C3DF7586
05A3E95A
7B82DD8C
08DD68D0
27A64DFE
1493849C
6E11CC56
29803E5B
6C6B3F63
30FD530E
E87CBB6F
0022648F
35EEC87D
A590ACBB
47D61A81
EAC77B0B
0A88F24E
CCF14FA1
A392E9C1
7B2FB8E1
71792078
32967115
655F9AD2
E722E822
7C12535C
8FDC0E63
81E3660E
90FB6820
BE342CF8
250C6522
9E4E87CF
0F2E1F54
70176B6A
12193C51
0A8BF92E
42F3E077
1E92725B
FF639B73
41F3A380
75780DBD
50F3D6A9
5669D0CB
1E0347FD
54AA4B62
D2126971
FED90351
4A896C7D
8BF4B995
31D99CA1
B0F124CA
5AAA4583
7A96883E
B3C48AC6
E262D64A
D27D48E1
45729182
35AD37EE
CC20E11F
6E16CAFA
C9F13922
03637690
194EC49C
5DEA5D40
0F3276D8
779850C3
98161D1A
C9E4F95D
5CD4ECD7
589BC843
D974714A
F5EEFAF6
4C9AD885
856DEA68
5945E8A1
5F364D21
9C4419F5
D520C71C
8C1350A7
0A739168
0009E9A0
DE1D570D
53B0DCC1
063E3EA3
B801708B
05CB5654
C808C00F
397C79A8
84850949
AD62E03E
A1D4112C
22577A75
A71A6514
001FC0A4
210EB414
33F2A97D
F0CD0366
0E49FF23
94E17C84
475F725C
521BF2DD
B38A8D00
D274D819
17FC3588
9D1ACE9E
5DCEE2ED
E1F0D0AA
A73347A3
9B9C5A74
95B7764E
647D34A1
795977F1
3F1E2EA2
1A41D6EC
5E962879
34330ED2
F3286C2E
1FFE6FF5
ADC77D6B
109B2601
238A9C2C
F3909FF3
C7CEE41F
27336F84
76A48A4B
65422C28
14069F90
1294F478
F7F86474
12475D78
920E4F4D
97FF3982
B8FD1445
6BFFC2CF
D9770834
DE6E00CF
B39A474F
298C2919
B607398B
7E4D622A
A6A3206B
87B50178
DB4F4B39
C55A9CB8
8FF8B1A8
C66B45DF
16126A48
8FC78105
9382BF4D
6C4D78D6
AA879527
EAC2C628
467B80D4
FE19623D
FC3AEA28
4BC6C227
FBC7CA06
757558EE
AA18C9F5
03BEDA5B
09ACBCA6
50972E4D
26E7210A
BAB44DF1
E5122D7F
E3F7A20E
001BE5CF
953AEA71
1CD772B9
6423823C
001F995E
C85C78CE
F4B95D4A
4ED54DA4
A608A97C
1BEC52A7
9E16BAA3
07401A5C
435E863F
5EBB72F5
F89C7C5C
D118BC41
A66EEA38
6B4AA63A
E3B910D0
E11F7DA4
A2B53EB4
3F9B65C2
31D11419
95AD0091
14131B63
32BE3BE9
92FB8CF2
45D1547F
B007501C
ACF969E8
65CD3112
7F83CECE
011B84AE
FC4DB8D9
AB1803E1
B1692167
0E8B7501
E39594EB
F278D2FB
658E7A4E
F72B94FA
C060C6B8
5813076F
75036FCE
9377AEA1
9C39F45B
C1B6240E
D8F76B1B
11D23ECA
3CE97703
F54DBC67
29631D3C
7F04CAB6
22031FF3
92FDE1EF
20264862
C9E66E92
4FEAD9E0
94277C38
8F173AC5
97374916
494AA53E
BB149641
69C4FC43
83512572
CF16040E
587FF161
ECFA0968
94496090
272BB304
5A3C8EDB
FB19D031
A0B9D2AB
20BFD3CD
13F9FB0D
AEB682FA
C79ED1C7
92DE0191
22DB4C0E
22A0D7E3
87C70541
E65B41A2
600BDE14
82643DB8
D36BBB40
06B4D7AB
02E43E5B
18DD8003
86B82195
9AC85AF1
CBC8E87F
FB8D5D43
36DC70AB
8A43326F
8A0E7B80
0184A3E6
E9EEB86A
3385CDE7
A0C3C9BC
9F6C59DE
50959B36
B6C4FAFC
403FF9BA
50E4A2DF
CD0851AD
B25A2A7D
D42E4ED5
C736210D
70452E37
52AE317E
9F90C065
85827362
666FBA62
373EAF91
F437C494
613BCD26
97190472
87B010BC
C0DDC892
34A5F211
2294F26D
4D7915C5
18D3C7DB
C4803888
59F9F9DD
B96A6CF6
57086451
E96608DB
FDC57529
F802532C
3159E6F9
F933D01A
7E5C3913
ADC730D7
73FA5915
93720E3A
8F575398
15B922C7
7D4ABBE0
CB553A39
AEB9EAD3
3523611B
7CC6877A
4DFA8E02
2FDED990
76A7B105
82D93995
A08ACAAD
85993B2F
C2691701
AC919FBC
3FBF2F54
FAD7676A
AF263413
FBCD94C8
5B4981B1
7D47543F
990384DA
A6692D30
3F51B0D7
8F5C835A
9FFE495E
DED9018B
F99F429B
F1948C03
81BA0783
9AEEBD54
B62E5459
9AF6FA75
A11C5F2A
3452A35B
4BEF2EA8
3BBD5677
8A03743F
64278976
9270D274
A76676CD
F646E84E
FF7C059A
A562899F
D7194EA8
6FE30723
F18438E5
0DAEC4EA
40BC12D0
89E3D088
CE246F35
63FD0A90
7932BFCC
17A4CD90
CC09C81B
01FE8AB0
054686B5
A05D313D
680CC54C
14E863FA
D29EF0D6
7324D7B0
82D8CBC1
B2A1603A
3AA2D423
572742E3
4936CC01
9203137E
60AFF7D0
4B88D76A
70152583
2C43078A
BEB1D590
FDDAB4BF
842F7E3D
6D29FAD0
037E7A4B
D786242C
F6CDCD04
BAA6167D
1DB89821
841C57E1
95AF1DB5
9B3954CF
51FA5FFE
14EBA1F2
6266DB3B
37739582
1E0E0F3B
0B61F38C
E0E6C55D
6F10C31A
8306BC76
56C5ECB9
15FEF51A
F2084FF3
E0AB8B2B
87E8911C
DD68202F
F051EAD0
27931C53
2660FF16
01A89E69
E6688CBC
74657800
D83C21B1
D7AAA3FC
CDACFD15
27BE0869
93E91BBC
00BEAF44
2846123E
DA6C7FFD
41DE0607
85993761
8D909885
51ACCE24
DD34C92E
E5749F7C
38F30328
90DCBA34
3BA73F90
3F54DFC4
D8C97E35
B84DCAB8
A0B31F70
ED879953
0D35694D
BDAA94EF
9FB16735
DD15A833
299CA678
8EC13794
F283BF8D
B7481BE8
E7E111D4
B5142C70
71F2D050
6A22886B
B778F3A7
85FCE678
C26E2316
03556378
A3E321B4
1586962B
4B17D098
816E08F8
0E8CE493
95493517
65F0846B
4AAC5811
F33C11D0
B6E20499
BE8EE16D
2519266B
2BB4BCA3
4DF6794D
6268A860
8C09C773
0FDA17F2
6744157E
79888B94
08E1F0F8
0A36759C
64321CC3
B4DBA523
07EB77DE
2DD4BAB2
64618342
E07847C6
476FAEA9
8B41D209
D144AF8E
CB31B96F
633F7FE4
351EE1C1
C748781F
280684F2
379DABE9
F3488B34
F29DF33E
32212E22
305B0929
55445C7A
7FAFFBA6
632B409E
2CDF2950
B1BE1319
4728E85D
F5651E9D
32599209
8F51E2A6
5FA1E35A
EEEC0BDA
E39F4DD9
2F68EAC8
047487EF
A5379613
20113DB3
05548604
A894C6EF
7022BFAB
812D09C1
0891163F
0C371BCB
891F4652
8FFE2CD2
810685DE
24DB312D
5B14063E
EFBAAB36
17625B70
C2BB90C7
E30255E5
3E34BB3E
11550CD9
C2990B6C
15B30519
32990EEF
DA73DBDE
96A1B1B2
E440A1A1
EC236FE6
4E0979B6
6FE699DA
C72741F7
945D9825
6BA162D3
5AD6358B
299F258E
58B209EF
2FF6E060
DA08D6CA
1D8AB0F8
F198703D
E933D367
B258A00A
0646CA20
9BBDB3A0
95859E24
A4DC8063
54EE6E57
E9A8C507
39A6E10E
57FF2F62
E5FC67EC
1AA60816
A8793FED
C5F8B170
94F10A96
E3B89076
3B085228
3EFDFE35
37D5DC9A
9E14F4DC
8A19A3A3
94C07941
D0637C4A
D35E3B3C
E9712D66
6BD0721A
9CAA1E22
42D4782C
808AE2C8
98C359AA
BB78CF03
0560E344
01BB11DB
E9AF2882
E258EFBE
882E4506
D91687C3
DBE60035
693D5B81
EE187407
605F8C4D
B76441A1
DBEE9B84
0E0CBCDF
87E8A4DC
B23CF7C6
F2DAF0F3
2B7D81F7
1D5C4A57
BDC0F25E
2884C316
E32EEF1C
0ACABD39
F8FDFFCE
36AEA4CE
5C981BE2
AB5E2C8C
FC0AFABB
C5165C9F
F372B01F
5147A5A5
A26354CD
17EFBAA3
4366F279
33B2897E
693746B7
036FDE11
F995ABC8
B165ABBD
77520CB0
3774FF3A
55641C0C
BA123BC7
DBE7E823
A4D9DFCB
5294E866
D29CA60D
71C8B07A
20E3D491
9229816F
1D67EE3F
454BB281
D4D3E7B8
70DD3776
17E28B78
DADA4941
C00F844E
112F4DE2
C41E098D
38EC590A
F8DE70AB
A093F3ED
95AE26A5
BCF641D6
FD733268
C0592545
E4ECFAEC
826ED9BC
C69D070F
4CDAEB15
80047E8F
7A91DC80
0D8EA5EA
D8BEFDCB
95E89535
857A5CCE
30F32C15
84A7F2B2
19928934
03092401
C176D32A
CC13FCFE
01966580
D65AE663
7EBF0BE1
AE8653E3
60D30847
C1A8DB37
2F8E2611
2334C2E7
C4F9F0F8
9929E973
37D68468
3FADFFF3
D0DF3208
1FDFAF04
22FA179A
646B88AD
714D93D4
31BF63B1
A966A391
EBEB87A1
DB26AFC5
AA379A36
D4037331
49BA14E3
C68A906B
0265F52F
55AFD7DF
52F06592
C1369521
65ED30CB
C0C189DE
0CD1E929
4E34E67D
B12EFD3C
A8783D52
547C4E41
ADED24E7
0A9F0929
55EC0E10
0D8FA06E
BBFDE086
E1ED88CA
AA66D5C4
7C84CAC8
552F6901
ACE8E7DB
7F005332
296514F0
CD8F9DB8
6E90BEF7
F5C8882A
CB6F5770
06911AEF
DB6682B0
2F5438A6
BCCDD001
0009CBB9
09FDB63F
83C45D4F
65766E28
AACC6112
BB600C08
FECC7C18
B75ADD7E
A8C40BE8
37CD7AD2
1E9752CC
5FC1B038
ABDE05CE
DFDBE773
06E3BD33
716BF0BA
728845A8
AC1A57F7
DC73B52B
3CC04C5D
D1D8110B
AE4B4AE4
94416D57
622ADA95
B6ECF0A9
94AB97C1
9F97752A
6F14D0FB
61811F6F
E9AFDFA8
5F93D001
BBB2F34F
6020EFB7
12A29BD8
8B1FAEC4
64C06CE1
433BDB31
6F7A1238
16B6C456
C1496C24
BA3800D3
BB7C8B37
F082ACEC
0CD8DB00
BE5F724B
5741E270
9D359F0F
371B676A
8C69DCCE
9E30EC85
CED95976
94908D6D
6EE5EF2D
0CD71A3E
53A0563E
25734DEE
62D8F60F
BAF292BF
5E4E30FB
AD1564C3
F1BB4104
3BB511EC
174B4B2B
80B2C4DF
79DEF699
FEB4B57A
F3346848
DED1180E
1498E741
E979B5C3
0FCD25E2
07EE3628
0A6AD553
168240CB
A57E42A7
9D98E54F
23A1E077
FAA7AC96
5ACA2B6D
4733985A
FAD2AF70
4184D574
6160DC96
D6E9F756
92DB2F49
DF2C1819
FB5B6CC1
C74A03B7
E1D2B4F6
D155B8E0
8D959635
D493F5D7
7242521C
50B794A0
9C9D0084
339EEF11
76FD2168
CE810DF4
691AD7A1
FB3EAF6C
79A8A3BB
409569EF
F9BBD2E9
F1C45CEF
469EA7E1
34D5B523
4EB7249A
CAFFC539
30E3CD8B
5A14073C
E58C1086
62D6277D
4FD23E21
4DE41AB1
462C8C09
A4584769
3DC6AED8
96122D6C
AD80C916
F366DED4
20E373D3
EDD38A52
593B1299
1FF32B0F
1C8B189F
E4388A6D
71E85575
6BED3B00
E8273C97
06EEF0B0
B3C2A41F
9AE5D88B
5D6A4D92
04808C48
3E06FB2D
34B1BC25
B1820BA0
ED6B0F3E
F88FA84C
CDB650C1
13C81FC0
83CB0B8B
B63CA8CB
C70B2D1D
F0FE38E9
46F4DE33
708049BB
D76E8D76
17CF9A79
9AA75DD4
255A310A
BA786C77
03760F94
364C9515
20FD072E
26551FB6
AAA9E39A
6CA6959F
751AE935
607830D5
C24DE0A1
A309C58C
94155B5C
EE8F3BD2
90F6EB01
06D070C4
F10EED2C
3F8E29AC
F92FFB75
5B76E3AD
1219877C
D1F07144
6130483B
0973936E
2E62F351
C2C266B4
D51FB85C
AF7612D9
D6B048C6
E81DC8FC
2CCA5791
52928CDA
1E2DC15E
CC54119F
6F70D5E3
0EEDC30E
317D8396
6672C53C
6F27C947
89AE28AC
F8CC88E2
6DAB3287
8EF38E09
E72D5684
0D07DECC
5C6DA815
ACC122B8
56B01774
990F6144
1F2B2F31
8BAF9278
C91B1A50
B7360011
6D4F7406
2AFEDD0B
984CAAEC
B0512068
E50836FD
A4D170C7
3FFC29EC
F38D6650
3F8FCB43
C5039094
B18C0DAD
BFCA90BB
4B2A1C48
F3EADF82
58B32AFE
9F549F34
29352865
CD3C78CC
195E00FC
C59C1433
C391C4F6
FC77A55B
770BA707
AA8A6969
6EBDD7A1
249AE603
FF6D8A9C
EAF9E765
9F2AB54A
B6C3BB03
F1FABD14
45FEDF68
050B5533
09967029
336ECE2E
EC607B4A
7C6FD1C3
9D51A77D
44B474A8
B3F89071
FE3A0322
D4365443
9724A77A
2272690B
E6CBCC1C
ED1EF3AF
B05ECA76
2BC7C2BD
744F27A2
6B3D71CA
AAF6974A
B59268EA
9E084F85
D40A9368
00AFEDA9
EB6836E6
ACDC879B
C501B3CA
28EFC7D5
837BA8E6
2B0EC235
2BF941C6
22A28226
64E3D0ED
E5938AFF
D5AF3776
60F24738
41141271
787316DB
78803835
B7580870
68C2FDD9
4ED581B3
EFE7195D
842C6B08
BDABB720
CF6A9D73
D1FFA9BF
37BDE18F
1EE29335
47BEA46C
2E16F3D6
5A2488B5
5F13D23F
8F11ABE5
A0296720
75BD9ECA
3FC9463A
DFCA9C3A
50858F5C
60FEE56F
9C350F40
57B05663
56EB6F82
BBF5FE70
56F18456
3EFECA05
FB7F2B6F
98E9FAC0
29569164
A3E258DD
48132D8F
46CA3994
F403594C
C49FF11F
82F6CFA6
AB3E8956
CBDE31CE
289BCB0B
4603C6A9
13176A59
1E72E1B6
358B6320
E03FA9BD
E909F7FC
7244014E
23085632
9C78CB6A
6A3D21DC
D34ABDB8
2B303A22
AB60A468
0C8B870D
24C6530B
EAF45D27
0809E399
A31A52AB
151A39DA
BA774E76
BB12A237
59313F81
2AF6B31B
563A2961
9C5C2F92
EC989AAD
602A5D0C
3D52BB88
1119B3AC
1E703134
000E85CF
96D32D34
729A5B15
570273AF
4103BF4A
955B3F0E
C426551E
7C892F0A
9FB8B363
39E7D673
377A7B6F
740F3451
2A8E35DE
FCACA348
0B3061B9
910D004A
590B03DF
F21D635D
B752BAB0
C1A19DCA
D8ADD60C
2CB6C494
3CFF5A1F
DF758A89
501F96C1
F35B8650
AF7F0C34
40B52BED
00933E6B
C8CD86D9
9A992C65
656B396A
DEF89564
33F87579
F34742B7
CB40B61E
918DD79D
AAB6E2A5
9F148843
78F0F322
27CCE7AB
106CC2AB
A6BA1E0A
32A9D186
8E23858C
3C01991A
BC214208
F0E4FFD0
DDE5867A
0AB0718A
E84D49A4
E9564D67
BAC878DA
EBB8AFA0
9097D87F
7C3A411F
E3173659
F52B5025
2FAB4C1B
C4825FA3
27D4BE38
1DF410DB
63E5697B
5FB7EA15
48AAD353
0181647D
024EDD81
A3D61B1E
68D843F8
603FC93F
0B2E3001
F6705704
D2EB76EF
1B89C0A7
53920CED
6D451F5A
7345230D
847B4E7F
F9488BCC
05615D39
2F3A230A
B8E402E9
2B4F5588
EBF74D8A
D9D467DF
C35CC6E6
5DE27BF4
2A78D508
32C7E129
13DE0AFC
94918FC0
B5BBDAFE
437C91E4
E141A1B0
89F2B020
25A7F08D
C1430756
6F409C06
79DD3E24
47A059E3
59BC965A
5D608B3F
EBEB723A
9ED1419A
C337C66F
5F35413F
18455565
A71A8935
EB52A540
8E6B7F4E
43D631FD
0909CD14
920C445F
45194E7F
8C3D1AD2
5D25553C
D6536F2C
2CC2597F
444F27B4
CAED8A77
D5341E72
2F61E462
D7E4F410
29412735
98EE5D96
731A530C
F68331AF
261522D8
429768E1
AB3BD329
E82805E4
A1D874FF
0C41AADF
5529BAEC
7E8D4958
91F61BA9
CD818A52
776C3CE8
6C0373DB
F99E65FE
F839E407
E9E28B2C
475B98AF
DDB5086D
D32FE55D
6677D987
09BCA7DC
42C2CAAD
AE95D511
97BA2537
74609832
E826CCF5
65C6B31C
71824CEC
9F9D509C
008EEC64
E043523D
AD7CB99F
9CDE82B0
784A5903
49858D49
B5E2DF57
6AE10F6D
E6E85BDE
C5C39D3C
C1E9DFF2
AB930CEB
D6282966
5AD487DB
9E9AF1E8
F2FDD9C3
AC379A0A
C4F21C1E
8DB9FAF0
81CA2EC6
F32610F3
18D09E51
12361B61
CDFE7A2F
84455383
EC4E221F
BB3FFCA5
483ADF4B
B45FB282
00F61AA2
D0BBE00A
50437721
B82E02AF
3D9341DF
E6057EB7
77C569DE
3D4C2EDF
C111BD14
ABD7DCAC
5C06F5F7
E2AAC1E5
C20D27E6
197DE892
645D2925
7F752CA8
A3934194
3F1690CE
36ED1117
3E2F00B4
CCCD1423
63D095B7
27DE50B2
2B10EBB3
43AC95D4
8BF5D9A8
2A648D1F
884E875F
AF58BF2D
FA44F89E
0A66AE6D
7F6E2F75
58C4A3D7
8E9AECFF
CF9A1F68
B069ED7E
3CC297CF
9A8F6013
994992B2
85318505
44C3FC6F
49CACD54
7AEF70E2
DA626348
90B30D6E
41793144
C2BEAB8E
7997FADF
CE8E6C7D
B8963C92
4919F2EB
27D660A9
81B3397F
943E36FB
3C16ED26
A867D606
BE8C2093
719E71B4
B5384196
1F7A5460
EF227374
16B9DFBD
86D80350
95D63C1D
DF4858FD
7324F93F
6B9CE262
93227E58
7FF22AEC
867E87B0
735B0A1B
C3B1A3C4
C53909D3
9A475ED1
C55A69D2
734BBAED
792BB46B
47BA7439
2D6C1954
3564B27F
C62EA67F
0C900F9B
D1CAF27B
C0A32913
50A88384
90D2DB8C
85B2B009
3921E73C
8F904EA5
00CEB6DC
7BBB8D9C
CF5E2924
ABAEB9A8
0F1C494D
929F69B8
8F2E29FF
81DE8395
2C660C53
97281A71
C4C6C216
6925D2F7
7E716325
4A40E6D0
F3BD3D37
5DB939CD
C13F3D1E
6087ED42
77B08455
5D5C94F0
586D332B
16170DC9
71C642D2
D3967AFB
0621BA7E
77CE4E8F
39C49681
137DAE82
05F50352
FD69A850
97AA7623
19041E4F
B6F53C06
CAD45B29
123F40CC
4FF0EBE7
AE066BF9
FCB07CE4
9022AEC0
A2A10229
AEDD5844
9F910CB1
E3EFC276
46CC4417
3B26FEA7
BE8ECF6A
FE4CEA9A
6D6B0918
93579979
9E3FC2EC
5A617E9D
0A9CB6F0
75B360CE
D07FAE5E
6B88E608
8BDC8777
DA31AF41
D209D7BE
6EACEAB0
ADBC4E49
171B11FD
0A0FCF90
AA0CFCB4
84B5CED1
3E5B736C
BB6B0998
6A55E905
95A9B9E2
C4DE2ADF
A347A05A
AB56DAA9
589E4842
3C1DE794
F6E399A8
AD553665
6ABE2B7D
6BF09C48
5008A73B
9CC0069C
6F414FB2
877BE061
F347CCCB
39563144
C75686AA
5AB67C5B
3C4ACBD5
ABF7D8E9
15AC4597
9D5F9199
203D4240
EE258FB7
C9E000FB
2CBF3120
D4FC1DA6
3E338982
21DB8F43
905A00E5
98981578
360EC2A6
ACDAE5C1
23647B9D
CE99AD64
30D9B0B6
CA01D3D1
03DDBEE2
6BAFE62E
B629A22C
E3C7C5AC
C5305A01
E503317C
92C80C1A
F7CD2D55
BE759706
F72F83CC
B34DA9B0
E451EBCB
FD23F7A1
50016A6B
5F140ED6
DFC8E39D
4B7C63C0
CFD18F67
DFEAD882
71365976
D8FCAC5E
1DF41580
02ECB41E
E7790DFD
5D0E6936
32DA8ECC
0608215B
DFEAF71D
BAD6F1A8
53F73ACC
13B03D8A
049D19FB
A59C5BF6
13D94A6C
489EF94D
D297F22F
BAB8AF7D
22BC3B30
7E0AA86C
608C8053
69A235A6
4815DD8F
00AB2BA0
C737A7BA
89B93CA6
97E23A85
1F6A3EE8
828581B1
90C8810A
94E93088
0D4A08FF
801A8A8C
8C8A46DC
1A3572B4
0C04A09E
FCE4743A
DB20E372
A368E011
7C26A036
1BFB5798
E7AE9D32
D76A1741
802817BD
39E669A8
97DD4F4F
A68B08AB
E43313D6
3D8C2244
32816440
D5AA5DD5
AE4132D4
821BBF62
A5CBF860
007F9994
EDF0EECB
94AB5C54
7E494A11
C3A5BCE0
7460F7AB
AE21D779
1EC90D7D
961E43AE
FB0C30EA
9E049C47
4E291817
32B13FEA
6F8BBE5B
EAE8ED35
5618C6C7
51DC7047
51C26A65
B2A21C73
A3F41287
F20017A0
09D6A7F6
6CBCBCA0
AB831358
A64C9323
5CF1CF5D
4A5EB971
F5E03855
D96BEC43
A3901004
03C72A8F
C2FB3CDD
9B9606EC
8F355432
C0D6B521
43551A02
5E3B2887
BF80C268
3DA292C5
8780A20E
A88272DF
3134EAD5
EC4ACCFE
EA08A085
C7A81BEA
98D2A7F1
AC5E54CC
873C80CA
A6927D6F
FCE4991C
D434F512
F99880DB
34EB1B1B
F1F04ECB
13898695
616999D7
0367B342
CABBC268
171099CE
A9AC29A2
737FF54B
4F2B112D
A9B9096B
ACEC5556
18229572
F720A593
98A5478F
BB234EA0
2C80ABD9
A7A38C30
D838CD06
E7796A0A
A0A93FA4
4DE2F1F7
7DA732D5
D09AACDB
B2D2708C
E2BB2879
B6F42A4B
E23C9D30
03B2917E
F5A20959
D19A3D06
D7DFCA3E
5FE1992A
5BF00612
0755BF28
724BE233
2789E63E
76F90F74
BC10E907
936D94A9
64C43A2F
E5C5DD27
58FC9F09
AD739036
17B7BA42
874F7DAC
9417CDD9
A93CB845
1115C724
034CA4DA
504EE084
8DCF9B3C
1E574246
7F26FD0C
2BF4B9F4
57F6DBD5
AF85EAFA
E4B5D5CE
D9E8557E
1BC54757
7D45002C
43D62E6C
50AFF665
C5812271
A98A0589
C8591A5B
62D9D036
653C73AC
3E565C25
014BA45F
D71B4A23
88A5EA5E
0898341C
FBEF008A
02B807F8
A52E1F37
2745DA76
E220F36E
EA48F83C
97FD245B
38408845
DB37247D
A19DBC88
315F63FF
2AF84CBE
8AB2A649
BE260C63
5EB7302D
6615DD5B
A9115EA0
8B6BE318
BD801D64
481E75D4
AC4102E3
9C5B2DB8
9EC2FE74
463944BA
3DA9AA76
4F98E067
53718E80
ED72CF62
E84D4BB8
9BB16401
99EEE772
661697A1
3EEFC13C
E4AD94C4
301665B0
3614FEE9
EA18C31B
FE3E8938
1A2FFF3A
EBDEC8D6
1F6DDDAC
7CC26031
046C3245
26396060
B21937D7
842EDB27
85920BA9
DBC2A52A
D8153623
0223C6F7
D7BB36E9
1AEA9F5C
9668C5E1
23A56F44
EA48C3B8
966C32B9
600EF7F4
BF597922
6821746D
E5F22D7B
0CA3DF20
6FBFCC79
DAA0E32C
3A78C7A8
1A7D8248
85448DC0
473A7C36
CA01F1D0
4A0C98C5
63E6DA2B
907833D4
B51E4D50
B35F2A02
35105B50
D826B84C
868811D2
1EA654EB
E91D4F29
B40FBE8A
F9669E8B
75FE9DA6
0022CBE2
2135B222
6A95DFC2
6E7CC3D5
F5630DE4
2B3510A9
88F497C2
376D1FB6
B947DF1A
DC2A46F0
109EB916
6A5921CE
8A67662A
1694297F
711EA7FB
67D4FBCA
37646EC8
9ABBA223
94DE1877
F8EFC791
DED746BF
BA662D5D
74B55B0C
E0F9A3C2
DC171C32
6DB1A0EC
99AF6744
79B1389E
EC67A8CB
8A693077
7D2D5075
ED8D1B5A
23A37940
99692971
8735C655
A65BF673
190046C1
A31037C2
EBA5E07D
A51D48E8
1F276166
AED77313
162346C7
00D36E51
4237CD11
2B13C3A3
1D9AEAF8
276BC4E8
61EEC74B
CADA83DA
1D7AEAE5
CC14F511
D7124F04
1751702F
35FA2B4E
38AB79B2
F18A86B7
BA075C54
69EC5C07
93CF5353
DC00A7C5
2E464A3D
B202C31B
AD460B5F
7843227B
D111A8E4
E5DF7D69
227B697C
FD99F31F
9864F6CF
CE74E92A
6694057A
FF18DB68
54EAAF19
0317DDCC
84F70B7A
2AC27983
E52F616C
B4324F21
D8366066
D2B4B4D5
ADD4BC4D
9CA28088
B077263E
25FB7B15
9739747F
B1D73967
0C7B420D
59F2351E
AF77AE0C
3FB25D8A
8DF084B1
4C3CC148
01BC6474
6467F2BF
132E62CB
41EC7A21
75237474
9E602BB2
E010EAC7
73792371
910570AB
7B3901D9
3476B3C0
BCD8FB1A
482FB976
3A3A019B
A3C07D38
41ADF411
A188805C
11CDD311
A8E23852
FCD45D8B
69D7088B
FCD4AE12
6F166314
317DD6BB
08B6B6D9
5356C736
5D860B68
CB894411
709712B7
A1EA3111
54E4F8F5
C91B5A82
5671B09F
3E0EF78F
58D7EF0A
C6C7A61A
504B1F1B
9ACE91BB
2B5DE2F2
EA49E43E
1D55048C
C3C04478
CAE95C6A
8C1E91E6
9CD01A53
0018DE53
1BC79B4D
1F144FAD
C4830948
FF49381D
B5855E2E
A2676A10
0F26A6AB
C641C885
DC811B2C
D7F03915
70112666
7F42B6B1
0BA9A8DB
72B84768
04A378E2
C8105DD7
6EAB6FEB
82E872AD
904CBC41
020DCD34
27C1E253
AE234E64
530F9491
A0A7733F
072EED09
74AEFFAF
1D977D4F
D7E9D7D9
F1039EC2
098A21C0
132F6034
EAA0D7D5
3C2849C1
2D44AD10
5E5FC760
409DA4A3
04A5ABDF
2D78ED3C
0098E7EB
455FE4A9
E9C58432
A75F15E6
65C7418C
406A94DF
AD6C1F54
64A21EB7
C714099D
D7654D10
F1D5712F
AC5A1D09
B53FDEF2
09CECA9E
F2D53BE5
F028A00C
73324AD9
96260396
6E4A2C8B
DDA6FFDD
0D53C29A
C37D0489
7C572AE6
0EB075C6
63FAAEC6
460D9FD8
FEF21D73
37E4E9D2
2E7F9627
7D568C21
97A993C5
0196821C
9E60D33A
961CB8DF
D1BDC998
46A333A8
8019167C
71CAFEA7
4D8BC813
011690A6
289EA2FC
35B6B5BF
92CE4D65
868B9FB9
DDFBA2E9
0CB7EC62
4A4F897C
0E30396D
3DEA7757
786C0CC9
0BC2FA9E
624C0B4D
DBF98FC3
CEB192CB
E1706275
B2C257CC
FE2F7157
F9170F80
D0C54122
9DC3831C
C91E3019
7EE7ABAE
1281F5C5
2BAA0D04
A6255E90
6409C1BE
C9020175
AA6B02CE
BAD27A50
FBF440A6
0D31996D
18B1C4FD
29532D48
7BC3AA9C
EA48D379
680CB39A
9B5D3B35
1E387A1B
275A4AB8
A2A45C05
65A10439
07AE78EC
EC481C6B
C51725CC
AF75F99D
0C3860DE
3051E2D5
777CEDB9
75668985
6F0F4985
DC77C1CA
7BF9FD19
21770882
6D1C5E30
33FA7D22
0D56A2B9
87F37944
F6D784FF
035FFBA1
9E508583
FA8121D1
B0A00824
38BB3FCA
6E2069AC
5D2BBFE7
C7319B38
FBA9FF5D
386C3D64
1018B5DE
D9D54549
A4469F5C
C9137BD3
0C871269
C3DFFBA4
F320A979
43959880
372FB4DC
F070B06D
BE3ECE83
CF95974E
BB17CFD0
D70643D2
4E396F07
1CE4CED5
D16521DA
0B6D62AC
69F9E3DE
40333A92
2634E7B0
744E8644
DA9BB69F
3679358F
3D2EF15A
44A1A20D
82336341
FCE87607
3DED0933
B85A15CF
9D138BF1
7A3A23E8
C52E0BC9
1FF9085A
E617364F
98AADDC1
04CFBCA8
04D47DA7
B1662E13
7379AFA2
36483192
CE904FDE
9DE90EE3
6A8129ED
79CF6074
01DCDE49
1CAD6812
1C066298
E03632A8
9F4720D7
8938AEA7
FEDF71FA
3E9CEF3F
22162255
CB0216FB
2DDFC528
5EB091C5
D8995479
7BCDDD31
E68E23C7
9421E49E
99831852
30A4DF1A
0B981D53
69C06215
4E6B8E1F
F8ADC8C2
F5F73114
7E9D63D5
24896E92
CF9EF7B4
D22F1EC5
04C4E80B
B0914A5C
87CA4AB7
2C782212
0517E326
177A00D1
61249C5A
BA97603D
BB7DCEB8
60F51E1B
8B685B6A
E9B5DF51
F97334CC
23FEE84B
C6D1C66F
937FF1DA
95FF67BE
77593F37
81295905
95ACCB80
FC4E7564
C1AC5551
562532F5
3E00A3D2
A243B3C5
21F3DB58
929D3BD3
6AB9CD0B
0364AFA1
4A0C5B43
7A77FE85
21A3B955
1D10B9B4
6396F5C9
CD7C2E3A
D61D4447
114B0CB9
6C9CFDEF
73ADD4FE
98310482
EABBE374
8EBA1DA7
2C512E0D
1A616F2C
92225DC2
4BB1ABC4
44AE4E3B
2973D52C
CD9159DA
680857BE
4D3B49F4
6E3E34A3
1BECBA98
A293FC88
3348DFA0
B5FF49CA
FF962754
A7942F9B
834F50D1
D9EF7605
6A379935
C7C6EBAC
2C928FDF
3E1204BB
C1D25A9E
AEA38A0C
44EDA273
6FFBDEB5
371943D0
877451BA
376AC4CA
4761F317
8158C853
F09019DF
4A619CDE
8959DA38
1CD8E1A5
7A052E7A
B30FE9C8
3E212559
F73424C6
41036D14
B98EB8BD
50DE263D
6381B962
472F8F73
A9EE77FD
ED012AA1
2CB275EF
5439BDEA
36CD4033
1131AE4F
9415E0AC
F47CCB76
85B0226C
A6A7A415
0139810D
D1BDEA30
E6544350
962F96C3
D8ECD15C
9F57E1CF
423EC37C
350C62BA
98685683
E9D18E87
AF38E31E
C0FE6C85
339AADA4
E004D3C7
2DD0288B
E1D4D573
D5A3EF05
97C313F2
BCC6C21F
32E8DBC2
918CF7EC
33508168
042730B6
A9734B66
6019F41E
812FC51D
9D151A39
E9D428D4
C0CF21CA
501191BF
A6C0FFDE
1131D358
D8E72ED9
5D7E8EC3
5D9784D4
3BA4B47C
403CD564
7D262525
454CDA2D
F7F99ACE
3625B76F
BBB00858
5267EE45
E832A90A
05BD6E2D
EB7C0224
09688D0C
6809A6C4
0D64AA09
EDA5242A
1E63E451
7BF87A11
DB59A210
8BBA0C73
C6F9F96C
00CAFFD4
024F61A6
533D9131
5EF46677
6971B0E2
E8869091
FB8BB703
9E43C98B
FF059357
4B231248
8C64D946
B6AFCB6A
59455F20
6FC06122
AAD6D4FA
0178EA5C
BD1DE8C9
1139BC08
EC23F3AB
767FD947
7199D18F
7BE9B067
92DAE1F2
1CAFF0BF
B94BAFDA
6DEC7EB7
0D5D141A
A0E06622
49092F5E
40D749F4
F629AC0C
0EBF9655
BFAD7578
EDE6D4E8
8DF70D67
1DE09051
EB83267B
A278F758
F1AF5BA8
893BF578
564F3DBC
4F3F6455
7B786E36
46CE03D2
59CF6FD8
57CE8A1E
2F78A3EF
441EF9BD
0C830AF6
E0974EA6
4E3DEB68
DC2BF7F7
00D1BC0B
F1DB523F
28231D87
6B123516
DBE380F7
3DC8B2A7
B99238E6
EDEC6612
5CCF45FA
CDEBD5D6
E5EB6C5D
94B9FA5D
0F7A9596
0055CE4F
47BAB548
8DE7FDD3
C4026787
681EF790
EE927A63
F8A55FD0
8561D971
4691BF5E
FCE2149C
F2BA3CCD
BB31F12C
7DD00731
CE8775FF
93A0CC2E
3703F204
EE26E534
07D7B2B9
F3B1244D
DCFC98BE
0E3B4569
C0D3E19C
B7769B9B
84ADA11D
367D089A
A6B87FBE
1DDD3C24
37D69D70
23D0E236
5330CD81
4667D418
791EBBE8
ABE21112
238646D1
CF2C3C73
9C7FFF14
8A128D04
9D9014E9
FC6B6AD7
5F641FC6
F4FF9536
053E5686
05EA9E0D
09E3A149
1BAD8425
514458FC
FC1E2995
0B06CBF2
6106F346
BD66C31D
9301B7EF
3E9AEF28
ECE99025
85B1C6A4
4E990AA6
CEB20620
2F9D4B7C
435A143F
F1EB1A69
41507D23
091B0F75
82F82454
EE170420
C01B0B3F
8D476BFD
F64DDF65
FC5A0068
71BA3561
CB1658D5
4E52E586
E5589BB2
B49BA69B
0CCF32AC
BF713B00
056CCBF8
1B979117
B15D97CD
497E83B9
C4C18D05
8C0E4065
0B733F29
4BF4D113
214B0A5E
2AA03627
5497FA5C
8C5D1EB6
2EA47165
68D6A06E
D4855ED1
72DD7924
0F8F7B86
D40E807B
1A0B00F6
6AE5D913
8A9281F3
82F0832C
E4AEA959
45C36902
81DDC95C
5A73133B
442D1EF1
073C1C4B
1032A79E
F1A7713E
F381C8C5
C18E9039
53109975
D4279319
E66F19FF
9C54F901
05172114
35FFC28B
E667C001
2B928BB6
19413422
0F4BD4A8
76025024
78211A30
06618A50
3D9265E8
72B830B7
BC3456C1
2881B79C
7C4BE334
2A0ECF17
E4E2A605
63F911E5
08B2F2C4
FF65BD1E
B4C120A2
4769F9CA
1C1134DF
AE8A3FC3
CA6106C1
CCA027B0
98AA02FB
17FCE30F
DA2B323E
CBCD8EFF
2AD66D12
FE7C7A68
F826C181
B4192E48
AF3D1BC6
AD823D90
0424D2BE
3C1D41D0
5BB56912
0894B9D0
F139817B
97573DF7
54D5DA11
1637F83B
3FD13096
B19A5F69
DF0086B3
A8210DCD
AE838CA0
070271E5
0943A8E4
C56E13B2
B56D81F6
A8087A90
295EFE28
8AA0FCD3
87C68B01
62AC8530
17F5A60A
8CD69468
233D4A3B
1AA9666C
86FBC613
DA842F79
316C0B40
088CFCA9
233BF82B
8865892F
41A0581D
C4E9DEE9
992791D3
6B9E2521
CA2B8E9F
4D2EE62D
A7D5FAA5
8C0DA857
25B51B00
5C3D8E24
C47D51BF
315F2DD4
C1E5C488
CE0A4854
316594B9
EAC273D4
B750F397
B5C4D76E
17FD27D3
FD6F5C22
8D05A114
F5CA631C
31BF34F3
F171DA0A
5CF8D35C
018C89B9
A48C03FF
46CA0DAE
3D99A13A
AA666867
5E490F81
434FD349
8A3508DC
F1A1F67A
16E90711
3831934D
9E719CC4
EE5BCB2A
88C1652A
2EDA29E3
E90768FE
8D2A04FE
7C583133
176DEA76
B51701EA
E70AC473
69882AB2
BF14C4F4
6F8C5CD9
F763FB3D
FC572E2D
F1F56AEF
AA17A3DF
42E1867E
75D26CC3
D6F34FB9
2323C89E
09D7C95F
0BF72A2D
5E17708C
E830C4D4
CC0369A7
8178709E
3625E15A
31CEE2E6
B5C57CF0
CC08425A
8377B3A9
68785D27
7A351823
1976C7A0
E0D5F133
1E869800
E1EA4842
43B85147
F3DA4F72
5084FB7B
370A5644
FBCC88B0
B1DD7D1D
51E945DF
F384CB99
707260D6
0091A902
FE446E80
EA23CA55
2EC3A1EE
FC6A0E34
85308CC4
CC776E95
650041D6
E2535A9C
F9A5170C
F377C857
E9D8A394
6FA81C21
2C093D7B
DE893279
2C72A5FA
99C9D1CE
7C0B62AA
0B952DE3
4A0F2064
5BCC8150
0FB9654D
3C0F7F27
8F3E818F
B0D09EA5
BDC5F1A8
64C7B1CB
3AAE874F
62746000
680256F9
4A12D588
F1376EE6
19097FF2
50EAE8DB
A8F2DE46
7BA718A7
82966BFA
BEB14598
90947718
4B37359C
93F8CCB2
3DE5D40F
E764BEE3
9186FF02
2E56DF2A
94691736
7EE9407D
EF5DE9C2
3D9DCC6F
F1F1E37F
7C20AE03
662D831F
F9F4B49A
1FEBC7D1
F059B1BC
42622473
45CA52CD
FC2C0A57
A34CCCE8
D8A90D2E
198A6730
C2281886
88EDCA88
D6FEFC01
65C7140C
E669AFBD
B5027F24
841D34C6
B9AF3D0F
E3703F2F
F105C07E
6E02CFC3
98CB539D
E7A0A2A2
F3D80BC2
277B4C05
3066DC5C
BE86A0FC
532FC107
00451F10
7516CAF4
81635AC9
A8CF2067
7E094B9F
0F0F7CE0
65C7FCEB
2795D9B0
5243485D
272384B0
212E9E5E
B63E5AB5
BC00C552
C806E3D5
062B228D
A8F4FD86
2436FDE1
DB1F373A
C9849830
57B9A5C7
12E5254D
4F5A5BBB
00351AED
269D1F58
83EF77A1
0F58690F
C29DF816
25836637
6429F78C
405C4603
125DD67F
D5EA2786
E4C5D967
2A297A26
497D2D9C
420A4F22
9596CB62
5659A22D
19E66D0A
775AF548
EE6524E8
2A5BE9D0
C51B4B2B
BDEFAF31
120A7D90
FAC2632F
529F033A
B7C18DB1
0C3D92AD
001B1E4B
42EDCB00
2B41E6BC
62CE82EC
D9CE4938
19D3790A
BE5587F5
03A393FD
9E75B350
DBE7D136
DFEA15DE
24AC9282
1941FC26
C76F456D
F9901270
FA3BE70A
CD22B9E8
9B9D3015
6A1DAD77
76118F9E
B4F1F22D
4ED692D4
00984CED
D8776F7C
5DAC0AF7
474274C9
A3890C47
202C69DD
33AC000D
B7701208
DE3B97AA
8F7A7EDF
DFB87AA8
24B7FF12
CB6E8090
D437FF61
3349139E
FAA78250
B4CEA226
806EFE16
84CAAC43
7C7E866D
89B40B34
370FE826
7F3DF305
D4D4576C
173DAC66
0D29803A
1CDCFF31
E39A0D22
217E9B05
0E2D47B7
87BDACDF
5612A84C
35602CCE
71C8804D
3C9E4E6C
0056C7CD
08368D94
24FAA599
25253612
DB3CCA27
66BA002F
CC221B6C
E703AC14
98C8F6B0
DE5A7152
5128B3E8
045776A4
8EA8D9A2
FF6DEB68
556EDB7F
4E80A8B3
ACDEA762
3E09589A
A3CE3EC9
E62A99C9
9154B22A
3ABE8A78
3C50D0BD
D289ACB2
A43C0120
035010C2
9CEB5D7D
0E5CF397
EFD4D1A5
BDD2836A
A9BB5467
A82C88AB
AEEE6D83
BB388A8C
A4086116
D2DE015A
3DFBF0E9
1E811FCF
09F7E802
2C1C630F
258646E3
5261271E
53198C97
3CDECC65
45B43B72
F9CAF41A
A7FB49B7
023D5693
A1844ACF
FC9DB689
51532F37
FA994459
C180EB8E
B704F1E4
9059741E
5CBB97FE
D537B12A
1AC98767
42D3BF17
84B6FB0D
CFC505E6
8CEC2051
7AADC61B
AC19DAF4
87FB5285
FB7975EE
CF363780
F2D7A7F6
C5670077
E98AE9EA
E1068124
A022B8A5
695F81FC
CD5244B9
6D388914
83F70A92
11096C8E
F550C093
A84B0B54
EB5862E2
7EBDF8A1
5319D419
EF9ECEA7
535C0489
40238EDF
B4D86C41
A35325F8
98B8A91F
78B97CDF
5E9B1D2B
E503E674
D5D402BA
3FA000B0
6109D1F6
558D7B39
0AA20CAA
F7B33A64
0C9AF031
17B1FC7B
76C8FBB0
3A84F8D3
04A4D6DA
5C847461
71C7275F
253400D0
0A68FE38
90FC1DDD
52A4B1EB
E7575709
97270310
5BB47CE1
CAA79B57
DDA5CBC9
95B58B5C
ADD89AF8
DFEC6454
7BFAFD61
388D7966
1E1E3606
6A99F793
26D4B001
5859A9A8
0CEA488E
AEE74517
C2A82A66
0F1E6C92
A90313EA
3F502D85
08D30B98
29FD91CB
F5D1BE24
06917A84
3EFAFA2E
D923F72B
7C0F8F9B
EB62AACE
C7E519B1
97673320
4C67338A
367244AF
16166C85
68F95AB1
6BA48597
F7D487F0
486D5C91
4A0902FC
25FCB1CA
EAF57D2F
3EDFFE0B
591560AD
D074D36E
A3E6CFCB
80C4DB94
1B1B2C55
37929A40
98D131EA
929FFCEB
B079C381
EC7BD223
70142135
A5213E35
D13263DD
2F624279
357AAB79
E5AB3263
3700BC3B
48E71A65
229263C0
15A12C81
7C06DFAE
AE4AAA70
88C84FA2
B1D26086
67AB5AAD
83CCB79F
85AF81F6
8569EC6D
6CA00F32
51ECD05E
6F911FE0
BDF08CA3
5FCC57C1
DB363A0A
277BD3C7
464CF8B0
A332A3C8
7C6C104C
D0A19A85
6733675D
3980514D
F4B5ACB0
D09CD7A8
17EE4668
B15E39D3
8BB6CCC3
DE074791
A4596D02
C455E547
60753698
077EE1CB
227FDE69
9EEB5BD7
24D81053
0EEFF3F4
B900C87C
50B7DF0C
56214B96
69088145
B8FD5015
3FC7384F
41D0F6AF
811DA971
99CBECDC
3B10EB89
676AEB94
2111C98D
6426DC02
705C4021
D0AF6016
24A9FDBD
D4C63DC9
F3404C96
01B12857
AB5FD1E6
6457D8B7
384C91A4
AFC284AE
16AA4176
76F17C86
E5E8196D
293BBBC4
431B9CBD
2A5DF86D
97471A44
8BA3BCB5
9C824231
1EB81360
7B992CF2
2CC911BE
89EFBCD9
4E7F94B2
1A3B5A28
0064BB6A
473A3075
6C03BD28
1E506D8B
5067B5E1
2E924E42
1C0D7EC2
BA48B141
1265567A
A908B612
3B8737E5
A5D246DB
60A45257
A0CCF26B
5A355698
EA63E9F9
70B615F2
BF9D2BE2
5DBB6FCE
B53FE85C
26C19AB5
9FE7CF3B
4545202A
977A6828
F90F83A0
3A8FB3A7
511E60EC
36BBEEE8
B8D119A1
DCA53A1B
139709CC
B24B97C2
57801841
A9C5B677
3EBF9B9F
8A4838C4
DAB97870
AE0F0336
6FBFAFC6
CC14F123
C35195B7
1EDE5311
A71A70CF
61B3E914
1FE05D77
FAF8B2A1
7ACF1436
13E495A4
3775A719
FC365E7E
B3DF67BB
ADC04BE8
BE1EA2C1
CFB348EF
13FD0917
EEB4BC71
519ADF05
2C2547D0
11724BEE
7393BE4F
C3615D69
3F0B6315
286FEBDB
7AD05212
2D312003
09B12D31
26765BF6
4AF5A580
7004EF5E
EF349ADF
A721696E
FCEFD996
17618322
6413B89A
3806E175
CDF1CA49
EEB1684D
2089F1A7
07010176
9650D4C8
941630C3
5C396521
F8718E21
ABFB51A5
152BCD36
68540AB5
08ACF870
22F93291
EE437F5C
87D0012D
297B5259
21C1729F
A3935977
3754C7C2
4B000D06
A528AADA
EECD66F4
B5C84C31
55962693
ADEDF9C0
62177E1B
24855AEA
91C2D2AF
11C657FD
485C03FF
4D32B1CE
8BCBFE3E
00158855
89510B3D
E0A35ACD
34DFBFA5
F72B02AF
E525904D
E9BD1AC0
E4807369
9B20FCFA
ACD52EC9
97365997
3C5B599C
DE934546
865CB10D
6762FDDE
D21909A4
EAB88B03
C2F7607B
1A50DFCC
BBEFC455
FCD028D6
BED3B82A
D221F747
1EB3799F
A51C1C1F
506C0D9B
45BCD9AC
BB21383A
4DCF3B74
8052D9CB
A748453F
42250391
7EC4ED71
A3B7AC2D
A7FA2AEE
295B2086
821250E2
3A595910
6028778B
CE2A629F
0AE8C1B3
8833E57D
D56BC5EF
56AAA740
DB13B4E8
955F5CF0
1C4A14A7
A19D047C
7048B41E
E0119E2D
6C36E842
708D6D55
3FEAE4BD
83B21095
7B5BB8DD
FF955141
4705AA95
CA4A6D7C
032E5495
B4F3F69B
A1519081
8C4A73F2
BE6C74AF
06D7D1CE
8BFD02A5
64B0D587
7E9AC1C3
5B4A62E9
930BAB31
5F195651
EB03D0B7
E5CB933F
E4D252C1
B9F42CB2
7FEF1D8A
E487D59F
8ECBBF7B
B5795128
CEFD2DFE
6DC67ADC
0CB7AD86
65535C77
180546B7
121FDECA
A0741020
EA79C257
AF35C458
273470D5
DC063983
93B73F63
6F8DCC17
D04C5478
9D6BB334
071FEE2B
F66B2461
D80DA9B0
EB1816DC
61D7490F
9078DEC9
034FE96E
93DEBF2D
C83A876B
ADA93ACD
27ADA4A3
1DF28F1E
5335576C
1A81F8CC
9EA4EFA3
E95DBD9A
65341EBC
7627EBAD
EB2494E5
3C988257
8BCC4F66
22F5620F
EEC78953
FDAC4D9F
EA7FAF0A
1A82B430
B38EFBD2
3B9A37D4
A48B4ECA
9ACD75BB
66C8B469
55AFD1B2
158B2539
0E4BF750
DC6C9F1E
B0A070B3
42DED376
01D02AFA
06EFDC3F
972C9C81
9AB3149B
81625A75
E393DFF0
AB01B56A
53F4E3C4
1D29D534
6479F1E8
C082DC67
019D7EF9
E4DAF622
ABB340AD
07FD5915
58E3C3EF
32214A49
2AEADA4C
186E99BD
760D3EA7
71C563AE
702E3AA4
1F31579F
AD92930A
41A29CD5
267932C1
38FE4F55
9D3C3B15
672F5A1E
B589146C
75913363
64B0A279
162E8E7B
FB3AAEF2
A591CD9E
3DB5D56C
79BE58F4
1E410889
6B22D1DD
D007ADB9
1C112A36
1DDEF154
A285678B
4DDEE7A3
1638D8B5
5D79F476
731E531B
AB49BBAA
F6C70600
1A38CECD
D6A639AB
3B38695C
AD8A90C1
F4F80704
2A6770B3
678565CF
0597D711
EFDCFE97
78B686DB
0DBD82E4
D5CC7A10
1C210139
9947CE4F
9BF8954C
5B402E3C
A31C7672
A71CCF52
E0D08018
F35C7B9A
5D1EE7BA
F7783824
E87C1E48
B01D6D88
4F265382
233CEDF0
44C94E3F
F958BB73
6B597CFA
89594ABD
D652BAF3
0B26965C
E4ABC01F
E6120357
9BAD2926
1E5D5874
FDBC1A01
57D8D944
459E1182
658B195E
A9633F1D
A9B4C499
FE3541E3
69D62E35
99F48EDD
06FA3E6B
CB581C70
66D943FF
3B8A1131
7D8380D6
68541765
87CAF3F5
23B48A34
325804E9
2397B673
9B63C645
CAA943A3
BBC287C8
8AD5C210
74535906
05F0C72C
5FF9CB69
92802E43
83CC57BB
8A9E915F
B5F8E8E4
6F188092
E881BEDF
8B58E686
67784614
C1689BAF
ADA6FFD7
10B93C23
A9B00EF3
ED2E6907
EA4DE574
D3C5D3C9
E6F1BEF5
92A7C119
51928D35
A3B666A4
1FC16C3E
EE4E59B0
4C01591C
B1CF63C9
C56A5F29
0DAEB8BC
3D3A0291
FF5FA701
3B633B08
CE8C780A
75232D34
BF333904
F1C5B08A
B65AB531
6D3722CF
4F673A0B
74F388B9
AEF1D7AB
41D43E55
17300D76
0EC9C4AA
E52C5F7C
3365B430
5DD85955
0F7AABAC
5B18CC15
48C5B8DD
956A77FE
52657033
01EBA6C1
B55D135D
168D2898
794A5ECB
68FFF2BB
D79C5BF5
21988278
F0BA07DA
DB043242
C31CEE2D
0C8C19BB
9EEBCD64
16D88E02
39429F71
DEF5CD14
36FFCC73
11515766
95B1A4BD
E6C1A56F
DF79D634
42AE4CBD
A57961C7
DC9AB691
DAC6E569
56393356
CB178D16
68C2C119
9ED106F5
32666407
F61DD17D
F7623706
8C9C425D
C8A9106F
9F60FE95
F8A2F370
2C340666
A9F3717C
88958972
A9F052E5
A761CC0B
DA71D842
6D05B256
D8AAE588
26580EEE
8F294B56
7DACDA28
28C1BAFB
FA8DE536
70C95BC7
CB49758B
E277E339
EA0658E7
8ADEB327
99BB10EB
E037B29A
51953416
83442D61
BF67EEC3
F60AA735
21EC3A91
1025F78E
E4CB1597
4C6A8633
8D0FA5DC
1656EF21
2408788D
015C8205
49D17CB1
89DA8F77
B77A7DAD
0909EB27
F338EF90
D498D7D7
DDD65E51
5B0E47D3
6EEB6931
C5C914FC
0FEA85CE
00A3D464
25094D2C
B2318C81
628CBA72
BB859242
91C527C5
4A9C7E7D
8B2900CC
14D22189
1727ECF3
1534471C
46CAF193
F12F9FA9
0941E985
EC67EB2B
63D4CAA7
399DAEED
FFDC5A5C
2A7C18A4
03F1186D
A040CB55
004DBEF2
B3B33F9A
EFEE11F6
C856F3C1
242AFD9B
76469416
F7A669C7
F86EBA82
98480035
2F12D975
753A0BE4
47BC29F1
573B3005
67512F02
E7F150FF
5A678B54
94C693CF
EEE4A069
9F260001
0123C4C5
9E5A6F84
732095DB
F81765E3
A844B90C
6C1EC597
553C1B35
5B93F785
D404AA1F
EE6D917A
196B1520
B4DD2953
51E9B709
4699055C
DD37C826
85CFEE27
A1089326
72D3091E
2F1286EE
EC2B7288
CA91BE3F
CF5F6780
2AD2955A
735005B4
3DA434BB
C6B54735
F3A4F174
1E7DABDC
DD41BA28
3295D6F9
2458C7D8
A94715CA
6722C212
7FD32A8A
801B3847
C37FB69B
BD0AFFA8
F8894335
4254DAA3
3D896CD8
5EE2F8D2
1C9E3EF2
3916CBDB
80AAAC2A
CE1CE82E
66B2D3D6
E925A265
3D442870
25749401
D5BA3539
C65FC044
5439CFB7
382D3C00
D2229161
49F5B2A6
FEB6F6AB
34CC1B10
EFE17A36
FE934F15
8BD557EC
B23C6F93
50CB86C2
9F60F6D4
58F453DE
47DA3880
F6494182
04A923AF
68B69D09
3F8AF390
8EB4F030
A329FE7F
78EDF693
285C907C
3E22C57A
3FA6957E
0338B286
696B7808
17E34D59
DA6BA8D4
CF1AD929
48DC627A
DCDB227F
632C7B16
30A48154
5B4378F5
B73993B7
1F2E8256
06D57721
AE91EBD8
615C5FF7
71CD85FC
F178576E
EC59C616
1EAE53B8
C3F3137C
4360E39E
07B9F89C
421AF2C1
A43FFA41
54D6FFF6
08BA73DF
67558F2F
E8BF3F79
C0633217
CFCB9DE0
09715945
D5AA1ADF
3E3CDC11
B82B9D73
6ADEB626
C6BE6C7D
6B26F477
E22E8933
6030B8EA
7A1B39C9
A69BC489
30BDC254
97C47F61
4B1002ED
94D69765
139B912D
045DF6AF
64C90C11
245285DE
FC1B13CB
2D908662
D79479BB
8C2B0F4E
1F43C0FD
CC8B36E6
797A30A0
B0D79D15
50C4D9D7
C78C71E2
6A883143
829BF991
D2F91403
8F303918
8E58701D
C390608E
4147A4F2
BD66CB1D
C4F3993E
958F6483
981E6124
C0FF372B
CA118353
BFD952BD
7BD00FDD
8B2699A8
1CCE8998
D84D7607
3F085CB7
2E09464A
7608F793
5A528ED1
3F8BCCE9
516DA0A3
AFD8A621
3EA81D73
551ECB0E
73961488
BC92FB53
27960FD4
4E7ECED8
6E880BA9
BB2282DD
2CC0C689
B3133C78
EE0681C7
6D5BE82A
DA075CB1
E59A3113
BC535AB7
12C7119A
C133483A
2D64C3D5
413EF3B6
32E648F1
20851558
A0B9ABA3
5A52DA46
475A564F
04496E3C
16C086E5
54289A85
02E20878
D83BDBB2
958AD012
3DC85CB8
D9AD9F59
9B48F2C1
89169FD8
F2759839
487E1DED
B7BFF5B1
FDF8DE82
160627BB
B003764C
2E2210C2
1F634E50
8612743A
657EA7B6
C9D18EBA
88D5FCCD
F9384134
93C1BB86
4E539994
8FABEE63
38ECFC17
7168CA9E
6E27907C
869ABF18
B56988AC
088DBB56
C5DA63AC
F6CDB74D
D10F9546
2CD58789
A079D314
8044E87E
972060C4
689C0A44
C6F4BB2A
2E6370A6
C47CDC66
2049CB9C
20EE3F40
7619616C
9B9E22B1
77B44E07
AF2B8A97
379FD77B
BD57F5DC
3B15B958
7201D256
816EEE46
975F37D7
6600DC62
6D678B5E
EE48B8E9
CBBEA850
10C50DED
2A27F826
4F757206
F937D734
31C63757
EF43E34F
49328FC2
8284FD81
333B3B65
7CC74FAA
7F9C02B1
73A30F8F
94B92F78
D32F77AF
AE8911AE
ED556B86
C6135A3D
A45FD73D
3ECF5D69
6C2D4BEA
9101D41C
28040EB6
21C5B470
02CB8B70
79317F58
B86513E7
DB4A4BED
5FC30D97
54DB8B75
29595DD9
DA0AFB33
1FD30678
0FF8134D
2FB7D657
E4137701
5A6E3FC0
6209492A
85EB9011
D43D87A6
8C539B43
3C595233
6C8EC0F5
20848D28
2A337556
96B63EBA
E4126781
5A2B3AFB
6132332A
948FF932
FF4E1757
24C7904A
EB0B8F46
7340D772
815F35EB
15F15618
EE705D08
F5F34DE6
90F90A2A
5313B6DA
058C3BAE
416A3EED
6216F547
3DB86494
D61FC5B5
A0443FA2
706FA1FF
0FFE6D7C
9827BC48
1FDBE33D
090A7167
C1D27DF9
1F1E3FEA
5435C121
E431E1A4
942A8F74
AB6C8030
408FFCEA
419FB2D6
7798D23B
BD39F22A
26980269
315B5DC1
2308E878
22D52D85
2C7590F3
BD466D32
8ABC4D43
C186F24F
2936CE6E
53F6E662
A6A065CE
14A130FB
E5E1A9F4
4B627510
F4BD4EDC
E702A2EC
62F63CA7
50020309
9A1E21BB
303D029F
3F3B9416
CA4E5B84
4FD9D4E9
1A9A3ED3
2CA48B18
C1E02B18
A4CF4A8C
5EEACD66
1563E383
07E70CD7
CDFFA58F
6A354BFF
E430FF23
88101E7F
1108D412
AEF28272
D9A42FA4
547E0ABA
ABB93882
FCF7E6F4
29CD4D75
9E6FC306
612DA2E6
F60389C3
674A3BE5
ACF9DF10
A887BB10
B42662CC
168C6D12
6FB47DD9
94F4352F
3B6153B9
D579EC6C
5B48D914
DE597EBC
9AA37B21
5C405ADB
CE3703AA
287C9598
144DCAC6
F2CC9A0D
C61C2232
F9EB1738
DC4F5652
76BFA883
8AFE9263
C31C8F5B
E2630324
A671D408
6195C879
D769747C
45D33BA2
1C0ED157
0741B422
95D57857
E5F02118
0D082F4A
CB816077
888AE665
B81B92CD
F070E950
5FB9C74F
47ABCD15
0100DCDE
8D055AF3
AB6EB3F4
20B0BB0E
31A2D763
D5BEC9C7
D1DE3824
2BB461E0
167556D5
FFEE17A9
91FB10C0
468F464C
FB43A5A0
71C30949
BD679B35
CC3C5019
EC3E931E
586E733F
EE65B0F0
6E1CD438
21607EE2
D7B09EFB
9AC64FE0
5AE3884C
6962927D
85B5E5AA
92A1757E
62057B1B
BFBBC724
1DA82D77
1C275929
C24F9343
3908890A
DEAC04DD
63D9DF66
89AF7BCB
43FD12B5
C0D85147
A08D616F
225B047B
16986349
318DF6EA
DD796709
06C6117E
981C8229
D2A9D3CD
D98FD0F7
5A28C3FB
0FBA4750
0DDAD2AE
602CE6F6
22C7533D
51171C04
550DDCBC
AA18C3A5
BBE92B4D
F0B1E3B6
39A2409C
8969B893
189D1210
25A578C4
CBBE4C52
A6D83AF5
F9A442F3
BD7086E3
036EC280
A92E9DB1
FB18C825
BE6C8E51
C2E13E7A
C89148F7
45858952
3951BDAE
F6083B6D
8D17EB76
2E6DBE53
15F257BA
01141F4C
2E4C9DF2
5B55898C
F4C18C92
8FA87743
088CD56C
4D255893
A2B00BC3
C305B95B
BFFE1D15
963CF182
1F18EBB6
5ACE434E
EEFF21EE
2C8FF0F7
3964B784
E81E6E44
8FDFFE31
12C1244F
93C267EB
CB0885CA
57EDEA84
2362253B
60553281
51E05376
3F66C410
8418D42B
6E06CE8E
82C5F778
AC849ABA
DF95A268
5D2E985A
32807593
F1991084
51DB4CC6
BEDD1867
74276943
56036D55
A2EACAB1
2F45585E
3117251C
A477A75A
50AA0DF7
5EBA6041
B12C1D77
13E07750
3D63FFC0
4B6F08E9
17963BF7
FC280278
8AEE39D7
1D57A5F5
D9332EC9
7DCEEE84
4396E2E1
5852CA4F
E8157C0D
AC52625A
77A1EA87
5F6E4E66
70AD2A7C
C39D9370
82622D81
47E32526
768EBAE2
8C05CC18
E98D7603
ED1CFC01
CC7565B7
6F99991D
E89A5229
BEA34490
05DF7985
C761D83E
3F87A8C7
A0E7CF74
40909D83
6D4DD934
72417F35
CA7F67FF
2AB77524
E1BE8E10
0F325B4B
54F00A09
8F2E8AB2
8DD34513
B2CE2164
6894070D
B3D3BA0D
C16ADF89
383285CD
0E6FD059
36A961FF
70C981A0
0D718E24
031221DB
80F857E1
3E5ED56B
AE910592
8F7605BA
D6AC40D9
0BD5CC66
6B333A2D
5D30B1F2
44D0399F
D5EF5BA7
E5A166BC
47FED747
5C6A5270
3464A76E
97653661
6B0EFDA8
F876C000
57A9240A
B007BA0C
1F8150AE
F6154193
AFD28344
56B89EEC
0CBF4BE7
7269DD24
D0AA5AF6
AF564984
654123C6
43297A54
FE113AF1
AC0CD401
9375242F
E4150999
7A7DAE6C
2EC75EDE
C9E3D0FC
B09F3BE3
E8E8A319
CBDADB70
22C42AF2
12857D34
43DC68EE
9E986A22
AF58F611
1A26460F
1EDF02C3
F2D18A2E
F2E2807D
EC1D1F38
5ED70300
253A3DB2
76A0CDC5
B71AB582
1AC5A1CE
9E7FD3FD
3935B8BC
5A42FFAD
D24AD4CD
9189372A
DC206BD5
D1B53268
83EF63D1
4B10F410
F14D4C30
0B6E5667
0C62C7F3
5689F5E4
A6333895
7F632D92
113C9945
16AD2151
3E804140
5D6E56AD
4F49CFD9
C75F86E2
0CFE28FC
225A78AF
4F5820AD
63A272DD
8AB4946E
CF8806A5
B3E308F0
B5C123A0
3CD1BDC5
CEB3D250
7A38B0D2
329904EC
E599815C
2F4E7382
D4D792CD
6347FAFA
97DAA98D
5BCF8574
21C951AA
33204057
F92BC712
73794049
D58A054E
20F15E80
1EA846A5
F427EDF2
8288A09F
7650B946
FF4EC72C
78B984E6
FD650036
B13B32CB
73D766E5
7861C1BC
9434BD43
1401B118
6314C6B3
CE7D21E4
313200ED
83F171A9
CE0DC84E
296C9CC0
5B589D23
40F480B6
9C6636B0
93134CE1
50F69E18
50D6780A
95581A6B
8474922F
97AC621D
08315C59
E994933D
8250BAAA
3249ADBB
A71FE5CA
C6EFBB50
B2992D27
F07F5FED
623F34F4
16916799
43CE810C
AB6455BF
82E1901A
B77293E5
CDD3E48A
723DBBAF
B614B2B0
FE706EA5
C3FE37AA
5604FDF0
8078C861
6044126D
18817CC8
97DF7C53
C87363D7
F80BCEE7
1A2108C1
6A0146A9
B6E8B32D
3CFC3751
BFDA9C77
D7CE90F6
DEA67642
5621A6F7
B9BFFBFD
827B730A
85D1093A
A15BE9DC
7B6AAE33
97C3BB97
26309723
6639DDD9
12600797
2DFDD820
20444619
6F59BD64
49FBA1EE
AB8BEEDC
15E0D8F4
90017353
2B343E95
2B9A6971
45A2FF43
87912255
5EAA194C
E98F8355
B32E1723
E19BA0C8
7C7F02F8
E52C1E42
5BA25F41
F3E89231
ED496B6D
EE46C17C
9214B2BA
9056E527
E24309F1
BEE60190
6CD47734
8C5D80F8
300A9061
AB690E99
DD4C568E
D8416D2E
2768B5A2
DBF6D6DA
7379BBED
D762AECC
49E0DD88
CB4F0BE9
8FDCBB39
9E50A69B
000A82CC
58ADBEBB
20A3E00A
605D62DA
4DD6BD25
94A10261
CD061F59
144DC2EA
CB4A2773
D536E7F5
DC2AA23B
2E5E3516
D36A5604
0CE13EFE
E4E3FFB9
E28D87C6
5D5BD2B1
FD74F0FB
DB24BDBE
46C8BCB3
A7C5D1E3
0483F437
F2118FB3
7E64C702
B50B0716
F303027A
0E85ABED
D2190478
7903ED51
33FB2F48
925AE933
ECB16A0E
91E2A7F4
F4724B7E
0539D4B8
17206196
105F3ED9
549DF54A
40B133AD
AF64BD85
E2BB27C3
2BAE98F5
52ED9667
7E2EB61A
9B416FA8
9F8B226C
5ADB97F1
FCFE334B
E8235235
A35EB24B
962E0AFC
52FA5C97
7E2E4526
81287C62
2F7A21C9
EF332211
7B4A9D81
80399683
BE881C1B
9A5244E1
EB1FEA31
FA7275C1
E3DCAA19
3BD8E44E
38EDEAA4
8C577710
114122CF
4E139590
8B5C9266
15EA062D
4C374DB5
5BF84D1C
5F4A5172
66705CF3
77AF7F8E
DD397C03
4E396224
B9A76124
8013E121
54485AC5
45EE3E42
86C2BB39
6FAA4AF1
D5A737E3
2128EE19
37EE389D
FF03BB0F
571CA85E
71C7DA39
1D83AB36
35509C67
6544D5F6
396FE97B
A1DAC5E6
71530EF7
7F83A1F5
42EC937A
C46B79AF
39EB4B28
9D9A0A31
1EEA8590
35BBAEF8
2F4568BD
1BECFE3D
46CB7CD9
FB852928
B4325813
FC29E0E6
6311E8D8
74F9020B
1DEC0EEA
1B904E7F
FE8B4408
A8444BFF
E5608369
68FFCA82
7725E78D
C4B67FD1
02435984
C6E27B73
9C31FDD0
EC6550A0
BFF84A3D
37EFE23D
952A671D
41EC0E4E
1E9A4F4E
9B479DE2
77E24CD4
91E4CD7E
A1527E77
E5162FEC
8B8353F4
44929D64
6341F80F
DD1DE72C
4C9BB390
5DCD0101
6C701C47
1A505EFB
329DE333
60A480CF
59A57879
014B8C6B
D9A5DBD4
C18B50DF
5AE45BF5
13408614
C4AF3E67
BDF14CBB
ED6CB20A
9FBB8623
60D1C00E
97324E18
91F4EC65
6C300E29
C4DB0959
643D325A
2312B7BA
605C8B4F
3E5DDFD2
7F394AE6
9752AC4A
E10D15CC
0C57F69A
4EAC5414
EC0021BB
F6CB219D
F1A59F82
B040AF3B
4EE98392
82FDC2B7
38102BB2
5BB943B2
84BFDD62
EF3CDF91
4FD2351D
0EF4C8E4
1E86C2AB
65E94FD4
8FE9B583
8090DB28
8BF56E7B
5C1E556C
4660C462
A1AA9108
AB268369
80CEA7C3
DCCC6457
2B4A6F81
FA924EF2
AEBF2302
28A6E28E
309D4D40
1C1DC1AC
BAC68B2A
A5973D99
AABA0DE0
3DB16B24
27CA70D4
0CE8A6D7
17BB7BA0
CE614B13
49F0D065
D55374D2
EF59D0CF
C4E968D9
E93E97CA
3BFB02DB
D7DE0AE7
F5E705D7
647F8757
A76F491C
4500FD9E
9F3658B4
F071573F
D57604CB
9F2EA078
D65AF5FE
1A65EA27
BB456C6D
D11FA592
27BDDB9B
976F0094
EA3DC4AD
506F399B
5CDC57D3
E32D00E1
B2E2BDC6
4408A218
0E9AA508
D07ECB2E
4101E577
D76CAB8B
B5DEEC90
0D200B60
D1347B34
EC844B95
96D78652
1DB26D7E
BB316BF1
BC33E945
54B261EF
B07A8FF5
206EE101
62F09887
52975583
0E217237
2EB7E455
DCF14A75
CCE31240
5CA289AE
A38567F1
D6366F60
AB9E53A7
877B630E
F3C2EA91
D3107F9D
71951CAE
BA11D266
A8E65627
910EB391
88A627D1
18580C4C
803DCD12
B52C753C
FA10B267
1F74224E
499094F1
47071204
2C0CB728
BA45BF56
4C8FE5F1
6D9778E7
90F6E010
614244E9
FD14D7B9
A5E43199
5C043298
F0AAA8B7
C4FAB5E9
D5783470
9D34CD15
61950C22
A72A28B1
D69174C2
7B5FE74A
CF9BF44F
CE005F6C
F686FC6B
EF84F73F
82D9D697
BCCBB292
22B4E70B
71E13489
553C04C8
FC7B7EEB
38138A8A
B5D7B51E
0F848986
3D0C319B
7AFCC410
6500503D
B8658A1D
AD9FE216
BE9AC45E
20E2B170
72A53F7A
D3F88FA3
36F1C517
FD79DCEE
4C1F870B
E9AC0853
73529F39
BEBFAAB6
1372C817
9A8D3A48
2E9BEA17
6A3892C3
77B66161
926DDD69
B55F7D72
95BB118D
54860C03
4279C59E
B95B3430
2A4B1FBB
5B15AB73
37D28089
40495D8A
C108857D
B5245F1D
7C47A5DB
DCD0DD5D
6B340870
5A272DE3
133598E3
43FBAA9B
81F645D6
7C2CAE44
89B8586C
1F10FBA0
ED872796
394B0CEA
27A561F4
2264A2AF
6D4E3926
47017343
84761980
0DDA2A1B
460F4099
62CF79E4
4601231B
460F3214
D95F4375
BCFBFC22
AFB6E960
AC87F385
DB360E4D
D295F233
23258A47
CE364EFC
396AB6C2
6076F375
E119E038
B55F2494
6DC46159
2D5FE832
E1690013
47CF24D9
1A383CDD
410F4BEB
14898012
DFC9820F
A9D1A236
540B386D
FB87B47E
9A6C7881
76845F03
7424C753
6DE02FF6
E8CA2B4C
043BA6AC
D7AF452A
5546CC98
31D1B63D
8B435088
026631DE
1640B534
41AA7524
391B8480
CB6CCC8D
D5D4E8C9
EC191AEA
FED3469F
3673F867
D1D9DE54
36A58BF7
CFB93F2D
90EA9DCA
A9EE1E16
632F35A0
88BB8084
B96984DF
B9E80988
8DD77A2E
3BD5F010
18B287D1
1AE52C0B
C437BE1E
3DE45CD0
C6C4EA66
B53D0CD4
3D670719
A6E3E2DE
AFED8DB1
F97A5DFF
97477730
B9D16781
590864DB
4FD6A92C
ECD26A33
08364917
16975921
300C9A3A
2B318C22
4E31E43C
831F4F40
2437F96F
226EF23C
773CBEF7
D21B54A9
68945A05
B3470754
01C5DBC6
2AAA71B0
8A94651C
2D117B88
247E1816
626FD71D
E2327099
A1FFDD33
D8A47474
7B94FABE
7EFC57FD
3912159A
81F6AEF2
B011FCC7
B5A50636
FEA58804
F2F6660E
38E5BAE2
3CBF63E6
ADC79FC0
5E53D16F
7DE16F0C
A3FEF877
4C6C63A8
F2CBAD77
BFEF1F60
452B8F5A
F48F9F04
BF3A88BF
C5A3E7A3
E400C4B2
5C66DD02
19ABE6E9
799E5059
94F563E8
9E7948EF
B84E2318
8E5BB235
4B38766D
4E9E68F9
5A8C4B6F
7CEFAD84
55058A69
7CB956C8
70638F82
74AFE876
EEE901A5
31C48E1F
7638EFEA
ABAC7996
6257DA0A
5ECBC7EA
A2832DC2
7C1725B3
861C38DB
94F552C0
0D610D2B
EF63B175
E6B409C8
6ECD79F6
272960EC
455C15F1
5C3A9374
67C06B1A
2523C68E
010199F9
F8E49B1F
B0E8A195
E7156196
F18CBA07
E27698B7
E9FC08A3
F5AB9C00
7F5228BB
769696B1
51C8BD2B
957E7799
7A88C4AB
4E94FF54
C71C3D3F
610F1610
633A6364
455F7552
9ECCF1E0
DE001C55
1716FD23
2FF39C31
747B766C
688B8EC1
78F4003F
B7174FC9
0DC2F8A6
B5C17B0B
0CF07D75
2A7B012B
3E933414
BDB816F6
5689EA40
A0EAAF49
C49B00EE
532DCD78
EAE9455E
1E531989
B2367CE7
8E6E5C36
959518B4
FEA608A4
ADED6EF6
68BC719E
5F6DA513
5C3E5D94
1A2F7ABA
E345039E
E24D2195
9BF6C972
12C4B041
69DE402E
C8CB0826
6F939DF7
E5865CC3
5CEE99F5
41D49F17
E945CBF0
805AF17F
875AB104
B6397896
8749183E
0461DCE7
3818E95D
BB185239
EE2AB812
E45536BA
0D5AB47D
E1CE5FEA
446FCE79
87E9F62F
75B8E25D
17400F24
0E31A937
2AD0F178
CD7D867F
262D6A11
7E3185B0
135E34C3
80A68CB7
54FD9742
BCF0B5B4
801B8EDF
54FBDE08
B476CBCA
6C2A9E65
7D4410E8
9DA2F0A4
1E475D49
78857095
7936621D
88EDB4E9
5F77B3E1
9D2F77FF
3C4EEC1C
63B9C218
23C9C672
5722CD32
58B5686E
6FFB3D05
E5A66F20
09B71CFA
3B5838F3
A2E5FB4B
ACA17870
BB0AD883
16862962
8158E1CF
8C657DE3
3CA4B046
AC29AE2B
E44F4AF7
7E48C9E3
AA9C9BC8
D03BC112
572DC155
7BC1D15F
D8B7967B
4B85064F
85229E97
E88012ED
B091E21F
2AE8CA17
A2AB9D94
CA2819AA
2B757540
A6C273F2
43EC48F7
6EB532DD
B4B2E4FB
96850812
BF82DD23
104DCE3A
11949D22
9AB70017
22B17497
4D5F5A3D
2DFE8DA1
38352340
A34AFFA1
7BD8FFFF
A69284F2
F4885CFC
61B323B6
85288BFB
9B8F32CC
3A942AE9
629A55E0
DD700E11
CC55B51D
60947739
849651C0
A8BB01D2
9D5075DE
1C260479
5622780D
612E2199
34981EAB
E68CAEBF
43DC9BEA
01CB660F
5C610C79
C0E6F5A0
79945C03
7805EED9
00E70E98
AED085BB
24C9FCF4
98327A1A
A3DB215E
868C4230
AC5C39D0
CD6F2F46
FDC55D4E
6C9C1DF3
9289C205
8507B91F
59CF36C7
1381ECFD
138E6C76
1CD4F5D5
FFEBCD68
76DE4312
EB30F29B
6336E8F7
598C27F8
B0F97AC1
459BC06B
45AEE387
1210FCFE
B7AE3D5E
10800B72
1273ABC4
550F4ED5
9C875BC0
9ADC3544
070F131A
885A5348
4899134A
2281C16D
3C655204
19B4E258
827043A2
8D35B1BC
A0029ECE
478DD6C3
9FD34B00
4B66659B
5463FFC3
0ABEF27C
A2B3BEC9
0DB35AB8
